{"resourceType":"CapabilityStatement","id":"client","text":{"status":"generated","div":"<div xmlns=\"http://www.w3.org/1999/xhtml\">\n\t\t\t<span style=\"font-size:larger; font-weight:bold;\">US Core Client</span>\n\t\t\t<hr/>\n\t\t\t<p>\n\t\t\t\t<span>FHIR Version: </span>\n\t\t\t\t<span>1.8.0</span>\n\t\t\t\t<br/>\n\t\t\t\t<span>Supported formats: </span>\n\t\t\t\t<span>xml</span>\n\t\t\t\t<span>, </span>\n\t\t\t\t<span>json</span>\n\t\t\t\t<br/>\n\t\t\t\t<span>Published: </span>\n\t\t\t\t<span>2016-12-15</span>\n\t\t\t\t<br/>\n\t\t\t\t<span>Published by: </span>\n\t\t\t\t<span>US Realm Steering Committee</span>\n\t\t\t</p>\n\t\t\t<p>\n\t\t\t\t<span>This profile defines the expected capabilities of the US Core Client conforming to the US Core IG.</span>\n\t\t\t</p>\n\t\t\t<br/>\n\t\t\t<h4>\n\t\t\t\t<span style=\"font-size:larger; font-weight:bold;\">RESTful Behavior</span>\n\t\t\t</h4>\n\t\t\t<br/>\n\t\t\t<hr/>\n\t\t\t<div>\n\t\t\t\t<span>Description: </span>\n\t\t\t\t<div>  <p><strong>The US Core client SHOULD:</strong></p> <ol> <li>Support fetching and querying of one or more US Core profile(s), using the supported RESTful interactions and search parameters declared in the <a href=\"CapabilityStatement-server.html\">US Core Server CapabilityStatement</a></li> </ol>   </div>\n\t\t\t</div>\n\t\t\t<br/>\n\t\t\t<div>\n\t\t\t\t<span>Security: </span>    <p><strong>US Core  Servers SHALL</strong></p>   <ol>   <li>implement the <a href=\"http://hl7.org/fhir/us/core/security.html\">security requirements</a>  documented in the US-Core IG.</li>  </ol>     </div>\n\t\t\t<br/>\n\t\t\t<h4>\n\t\t\t\t<span style=\"font-weight:bold;\">Resource  Details:</span>\n\t\t\t</h4>\n\t\t\t<br/>\n\t\t\t<ol>\n\t\t\t\t<li>\n\t\t\t\t\t<span style=\"font-weight:bold;\">Resource Type: </span>\n\t\t\t\t\t<a name=\"Patient\">\n\t\t\t\t\t\t<span style=\"font-weight:bold;\">Patient</span>\n\t\t\t\t\t</a>\n\t\t\t\t\t<p>\n\t\t\t\t\t\t<span>Supported Profiles:  </span>\n\t\t\t\t\t\t<a href=\"http://hl7.org/fhir/us/core/StructureDefinition-us-core-patient.html\">\n\t\t\t\t\t\t\t<span>US Core Patient Profile</span>\n\t\t\t\t\t\t\t<br/>\n\t\t\t\t\t\t</a>\n\t\t\t\t\t\t<br/>\n\t\t\t\t\t</p>\n\t\t\t\t\t<div>  <h4>Summary of US Core Search Criteria for StructureDefinition-us-core-patient</h4> <ul> <li>A client has connected to a server and fetched a patient using GET [base]/Patient/[id].</li> <li>A client has connected to a server and searched through available Patients using at least 2 (example name and gender) of the following search parameters: <ul> <li>name</li> <li>gender</li> <li>birthdate</li> </ul> </li> </ul> <p>To limit overly broad search results, a client search with gender <strong>SHOULD</strong> include family and given name search parameters.</p>     </div>\n\t\t\t\t\t<p/>\n\t\t\t\t\t<hr/>\n\t\t\t\t</li>\n\t\t\t\t<li>\n\t\t\t\t\t<span style=\"font-weight:bold;\">Resource Type: </span>\n\t\t\t\t\t<a name=\"AllergyIntolerance\">\n\t\t\t\t\t\t<span style=\"font-weight:bold;\">AllergyIntolerance</span>\n\t\t\t\t\t</a>\n\t\t\t\t\t<p>\n\t\t\t\t\t\t<span>Supported Profiles:  </span>\n\t\t\t\t\t\t<a href=\"http://hl7.org/fhir/us/core/StructureDefinition-us-core-allergyintolerance.html\">\n\t\t\t\t\t\t\t<span>US Core AllergyIntolerance Profile</span>\n\t\t\t\t\t\t\t<br/>\n\t\t\t\t\t\t</a>\n\t\t\t\t\t\t<br/>\n\t\t\t\t\t</p>\n\t\t\t\t\t<div>   <h4>Summary of US Core Search Criteria for StructureDefinition-us-core-allergintolerance</h4> <ul> <li>A client has connected to a server and fetched a patient's allergies using GET /AllergyIntolerance?patient=[id].</li> </ul>     </div>\n\t\t\t\t\t<p/>\n\t\t\t\t\t<hr/>\n\t\t\t\t</li>\n\t\t\t\t<li>\n\t\t\t\t\t<span style=\"font-weight:bold;\">Resource Type: </span>\n\t\t\t\t\t<a name=\"CarePlan\">\n\t\t\t\t\t\t<span style=\"font-weight:bold;\">CarePlan</span>\n\t\t\t\t\t</a>\n\t\t\t\t\t<p>\n\t\t\t\t\t\t<span>Supported Profiles:  </span>\n\t\t\t\t\t\t<a href=\"http://hl7.org/fhir/us/core/StructureDefinition-us-core-careplan.html\">\n\t\t\t\t\t\t\t<span>US Core CarePlan Profile</span>\n\t\t\t\t\t\t\t<br/>\n\t\t\t\t\t\t</a>\n\t\t\t\t\t\t<br/>\n\t\t\t\t\t</p>\n\t\t\t\t\t<div>   <h4>Summary of US Core Search Criteria for StructureDefinition-us-core-careplan</h4> <ul> <li>A client has connected to a server and fetched all of a patient's Assessment and Plan of Treatment information using GET /CarePlan?patient=[id]&amp;category=assess-plan.</li> <li>A client has connected to a server and fetched all of a patient's Assessment and Plan of Treatment information over a specified time period using GET /CarePlan?patient=[id]&amp;category=assess-plan&amp;date=[date].</li> </ul> <ul> <li>A client <strong>SHOULD</strong> be capable of connecting to a server and fetching all of a patient's active Assessment and Plan of Treatment information using GET /CarePlan?patient=[id]&amp;category=assess-plan&amp;status=active.</li> <li>A client <strong>SHOULD</strong> be capable of connecting to a server and fetching all of a patient's active Assessment and Plan of Treatment information over a specified time period using GET /CarePlan?patient=[id]&amp;category=assess-plan&amp;status=active&amp;date=[date].</li> </ul>     </div>\n\t\t\t\t\t<p/>\n\t\t\t\t\t<hr/>\n\t\t\t\t</li>\n\t\t\t\t<li>\n\t\t\t\t\t<span style=\"font-weight:bold;\">Resource Type: </span>\n\t\t\t\t\t<a name=\"CareTeam\">\n\t\t\t\t\t\t<span style=\"font-weight:bold;\">CareTeam</span>\n\t\t\t\t\t</a>\n\t\t\t\t\t<p>\n\t\t\t\t\t\t<span>Supported Profiles:  </span>\n\t\t\t\t\t\t<a href=\"http://hl7.org/fhir/us/core/StructureDefinition-us-core-careteam.html\">\n\t\t\t\t\t\t\t<span>US Core CareTeam Profile</span>\n\t\t\t\t\t\t\t<br/>\n\t\t\t\t\t\t</a>\n\t\t\t\t\t\t<br/>\n\t\t\t\t\t</p>\n\t\t\t\t\t<div>    <h4>Summary of US Core Search Criteria for StructureDefinition-us-core-careteam</h4> <ul> <li>A client is able to connect to a server and fetch all current care team members for a patient using GET[base]/CareTeam?patient=[id]&amp;status=active</li> </ul>    </div>\n\t\t\t\t\t<p/>\n\t\t\t\t\t<hr/>\n\t\t\t\t</li>\n\t\t\t\t<li>\n\t\t\t\t\t<span style=\"font-weight:bold;\">Resource Type: </span>\n\t\t\t\t\t<a name=\"Condition\">\n\t\t\t\t\t\t<span style=\"font-weight:bold;\">Condition</span>\n\t\t\t\t\t</a>\n\t\t\t\t\t<p>\n\t\t\t\t\t\t<span>Supported Profiles:  </span>\n\t\t\t\t\t\t<a href=\"http://hl7.org/fhir/us/core/StructureDefinition-us-core-condition.html\">\n\t\t\t\t\t\t\t<span>US Core Condition Profile</span>\n\t\t\t\t\t\t\t<br/>\n\t\t\t\t\t\t</a>\n\t\t\t\t\t\t<br/>\n\t\t\t\t\t</p>\n\t\t\t\t\t<div>     <h4>Summary of US Core Search Criteria for StructureDefinition-us-core-condition</h4> <ul> <li>A client connected to a server and fetched all problems and health concerns for a patient, including current as well as historical problems and health concerns using GET/Condition?patient=[id]</li> </ul>   </div>\n\t\t\t\t\t<p/>\n\t\t\t\t\t<hr/>\n\t\t\t\t</li>\n\t\t\t\t<li>\n\t\t\t\t\t<span style=\"font-weight:bold;\">Resource Type: </span>\n\t\t\t\t\t<a name=\"Device\">\n\t\t\t\t\t\t<span style=\"font-weight:bold;\">Device</span>\n\t\t\t\t\t</a>\n\t\t\t\t\t<p>\n\t\t\t\t\t\t<span>Supported Profiles:  </span>\n\t\t\t\t\t\t<a href=\"http://hl7.org/fhir/us/core/StructureDefinition-us-core-device.html\">\n\t\t\t\t\t\t\t<span>US Core Device Profile</span>\n\t\t\t\t\t\t\t<br/>\n\t\t\t\t\t\t</a>\n\t\t\t\t\t\t<br/>\n\t\t\t\t\t</p>\n\t\t\t\t\t<div>   <h4>Summary of US Core Search Criteria for StructureDefinition-us-core-device</h4> <ul> <li>A client has connected to a server and fetched all Unique device identifier(s)(UDI)for a patient's implantable device(s)using GET /Device?patient=[id].</li> </ul>     </div>\n\t\t\t\t\t<p/>\n\t\t\t\t\t<hr/>\n\t\t\t\t</li>\n\t\t\t\t<li>\n\t\t\t\t\t<span style=\"font-weight:bold;\">Resource Type: </span>\n\t\t\t\t\t<a name=\"Goal\">\n\t\t\t\t\t\t<span style=\"font-weight:bold;\">Goal</span>\n\t\t\t\t\t</a>\n\t\t\t\t\t<p>\n\t\t\t\t\t\t<span>Supported Profiles:  </span>\n\t\t\t\t\t\t<a href=\"http://hl7.org/fhir/us/core/StructureDefinition-us-core-goal.html\">\n\t\t\t\t\t\t\t<span>US Core Goal Profile</span>\n\t\t\t\t\t\t\t<br/>\n\t\t\t\t\t\t</a>\n\t\t\t\t\t\t<br/>\n\t\t\t\t\t</p>\n\t\t\t\t\t<div>    <h4>Summary of US Core Search Criteria for StructureDefinition-us-core-goal</h4> <ul> <li>A client has connected to a server and fetched all of a patient's goals using GET [base]/Goal?patient=[id].</li> <li>A client has connected to a server and fetched all of a patient's goals over a specified time period using GET [base]/Goal?patient=[id]&amp;date=[date]{&amp;date=[date]}.</li> </ul>    </div>\n\t\t\t\t\t<p/>\n\t\t\t\t\t<hr/>\n\t\t\t\t</li>\n\t\t\t\t<li>\n\t\t\t\t\t<span style=\"font-weight:bold;\">Resource Type: </span>\n\t\t\t\t\t<a name=\"Immunization\">\n\t\t\t\t\t\t<span style=\"font-weight:bold;\">Immunization</span>\n\t\t\t\t\t</a>\n\t\t\t\t\t<p>\n\t\t\t\t\t\t<span>Supported Profiles:  </span>\n\t\t\t\t\t\t<a href=\"http://hl7.org/fhir/us/core/StructureDefinition-us-core-immunization.html\">\n\t\t\t\t\t\t\t<span>US Core Immunization Profile</span>\n\t\t\t\t\t\t\t<br/>\n\t\t\t\t\t\t</a>\n\t\t\t\t\t\t<br/>\n\t\t\t\t\t</p>\n\t\t\t\t\t<div>  <h4>Summary of US Core Search Criteria for StructureDefinition-us-core-immunization</h4> <ul> <li>A client has connected to a server and fetched all immunizations for a patient using GET /Immunization?patient=[id].</li> </ul>     </div>\n\t\t\t\t\t<p/>\n\t\t\t\t\t<hr/>\n\t\t\t\t</li>\n\t\t\t\t<li>\n\t\t\t\t\t<span style=\"font-weight:bold;\">Resource Type: </span>\n\t\t\t\t\t<a name=\"DiagnosticReport\">\n\t\t\t\t\t\t<span style=\"font-weight:bold;\">DiagnosticReport</span>\n\t\t\t\t\t</a>\n\t\t\t\t\t<p>\n\t\t\t\t\t\t<span>Supported Profiles:  </span>\n\t\t\t\t\t\t<a href=\"http://hl7.org/fhir/us/core/StructureDefinition-us-core-diagnosticreport.html\">\n\t\t\t\t\t\t\t<span>US Core DiagnosticReport Profile</span>\n\t\t\t\t\t\t\t<br/>\n\t\t\t\t\t\t</a>\n\t\t\t\t\t\t<br/>\n\t\t\t\t\t</p>\n\t\t\t\t\t<div>  <h4>Summary of US Core Search Criteria for StructureDefinition-us-core-diagnosticreport</h4> <ul> <li>A client has connected to a server and fetched all of a patient's laboratory diagnostic reports by searching by category using GET [base]/DiagnosticReport?patient=[id]&amp;category=LAB.</li> <li>A client has connected to a server and fetched all of a patient's laboratory diagnostic reports searching by category code and date range using GET [base]/DiagnosticReport?patient=[id]&amp;category=LAB&amp;date=[date]{&amp;date=[date]}.</li> <li>A client has connected to a server and fetched all of all of a patient's laboratory diagnostic reports searching by category and code using GET [base]/DiagnosticReport?patient=[id]&amp;category=LAB&amp;code=[LOINC].</li> </ul> <ul> <li>A client <strong>SHOULD</strong> be capable of connecting to a server and fetching any of a patient's laboratory diagnostic reports searching by category and one or more codes and date range using GET [base]/DiagnosticReport?patient=[id]&amp;category=LAB&amp;code=[LOINC1{,LOINC2,LOINC3,...}]&amp;date=[date]{&amp;date=[date]}.</li> </ul>      </div>\n\t\t\t\t\t<p/>\n\t\t\t\t\t<hr/>\n\t\t\t\t</li>\n\t\t\t\t<li>\n\t\t\t\t\t<span style=\"font-weight:bold;\">Resource Type: </span>\n\t\t\t\t\t<a name=\"Observation\">\n\t\t\t\t\t\t<span style=\"font-weight:bold;\">Observation</span>\n\t\t\t\t\t</a>\n\t\t\t\t\t<p>\n\t\t\t\t\t\t<span>Supported Profiles:  </span>\n\t\t\t\t\t\t<a href=\"http://hl7.org/fhir/us/core/StructureDefinition-us-core-observationresults.html\">\n\t\t\t\t\t\t\t<span>US Core Result Observation Profile</span>\n\t\t\t\t\t\t\t<br/>\n\t\t\t\t\t\t</a>\n\t\t\t\t\t\t<a href=\"http://build.fhir.org/vitalsigns.html\">\n\t\t\t\t\t\t\t<span>Vital\n Signs Profile</span>\n\t\t\t\t\t\t\t<br/>\n\t\t\t\t\t\t</a>\n\t\t\t\t\t\t<a href=\"http://hl7.org/fhir/us/core/StructureDefinition-us-core-smokingstatus.html\">\n\t\t\t\t\t\t\t<span>US Core Smoking Status Observation Profile</span>\n\t\t\t\t\t\t\t<br/>\n\t\t\t\t\t\t</a>\n\t\t\t\t\t\t<br/>\n\t\t\t\t\t</p>\n\t\t\t\t\t<div>    <h4>Summary of US Core Search Criteria for StructureDefinition-us-core-observationresults</h4> <ul> <li>A client has connected to a server and fetched all of a patient's laboratory results by searching by category using GET [base]/Observation?patient=[id]&amp;category=laboratory.</li> <li>A client has connected to a server and fetched all of a patient's laboratory results searching by category code and date range using GET [base]/Observation?patient=[id]&amp;category=laboratory&amp;date=[date]{&amp;date=[date]}.</li> <li>A client has connected to a server and fetched all of all of a patient's laboratory results searching by category and code using GET [base]/Observation?patient=[id]&amp;category=laboratory&amp;code=[LOINC].</li> </ul> <ul> <li>A client <strong>SHOULD</strong> be capable of connecting to a server and fetching any of a patient's laboratory results searching by category and one or more codes and date range using GET [base]/Observation?patient=[id]&amp;category=laboratory&amp;code=[LOINC1{,LOINC2,LOINC3,...}]&amp;date=[date]{&amp;date=[date]}.</li> </ul> <h4>Summary of US Core Search Criteria for StructureDefinition-us-core-smokingstatus</h4> <ul> <li>A client has connected to a server and fetched a patient's smoking status using GET [base]/Observation?patient=[id]&amp;code=72166-2.</li> </ul> <h4>Summary of US Core Search Criteria for StructureDefinition-vitalsigns\n</h4> <ul> <li>A client has connected to a server and fetched all of a patient's vital signs by searching by category using GET [base]/Observation?patient=[id]&amp;category=vital-signs.</li> <li>A client has connected to a server and fetched all of a patient's vital signs searching by category code and date range using GET [base]/Observation?patient=[id]&amp;category=vital-signs&amp;date=[date]{&amp;date=[date]}.</li> <li>A client has connected to a server and fetched any of a patient's vital signs by searching by one or more of the codes listed below using GET [base]/Observation?patient=[id]&amp;code[vital sign LOINC{,LOINC2,LOINC3,...}].</li> </ul> <ul> <li>A client <strong>SHOULD</strong> be capable of connecting to a server and fetching any of a patient's vital signs searching by one or more of the codes listed below and date range using GET [base]/Observation?patient=[id]&amp;code=[LOINC{,LOINC2...}]vital-signs&amp;date=[date]{&amp;date=[date]}.</li> </ul>    </div>\n\t\t\t\t\t<p/>\n\t\t\t\t\t<hr/>\n\t\t\t\t</li>\n\t\t\t\t<li>\n\t\t\t\t\t<span style=\"font-weight:bold;\">Resource Type: </span>\n\t\t\t\t\t<a name=\"Location\">\n\t\t\t\t\t\t<span style=\"font-weight:bold;\">Location</span>\n\t\t\t\t\t</a>\n\t\t\t\t\t<p>\n\t\t\t\t\t\t<span>Supported Profiles:  </span>\n\t\t\t\t\t\t<a href=\"http://hl7.org/fhir/us/core/StructureDefinition-us-core-location.html\">\n\t\t\t\t\t\t\t<span>US Core Location Profile</span>\n\t\t\t\t\t\t\t<br/>\n\t\t\t\t\t\t</a>\n\t\t\t\t\t\t<br/>\n\t\t\t\t\t</p>\n\t\t\t\t\t<div> <h4>Summary of US Core Search Criteria for StructureDefinition-us-core-location</h4> <ul> <li>A client has connected to a server and fetched a location by name using GET [base]/Location?name=[string]</li> <li>A client has connected to a server and fetched a location by address using GET [base]/Location?address=[string]</li> </ul>     </div>\n\t\t\t\t\t<p/>\n\t\t\t\t\t<hr/>\n\t\t\t\t</li>\n\t\t\t\t<li>\n\t\t\t\t\t<span style=\"font-weight:bold;\">Resource Type: </span>\n\t\t\t\t\t<a name=\"Medication\">\n\t\t\t\t\t\t<span style=\"font-weight:bold;\">Medication</span>\n\t\t\t\t\t</a>\n\t\t\t\t\t<p>\n\t\t\t\t\t\t<span>Supported Profiles:  </span>\n\t\t\t\t\t\t<a href=\"http://hl7.org/fhir/us/core/StructureDefinition-us-core-medication.html\">\n\t\t\t\t\t\t\t<span>US Core Medication Profile</span>\n\t\t\t\t\t\t\t<br/>\n\t\t\t\t\t\t</a>\n\t\t\t\t\t\t<br/>\n\t\t\t\t\t</p>\n\t\t\t\t\t<div> <p>The MedicationStatement and MedicationRequest resources can represent a medication, using either a code or refer to a [Medication] resource.  If the Medication Resource is used in a MedicationStatement or a MedicationRequest,  then the READ and SEARCH Criteria <strong>SHALL</strong> be supported.</p> .</div>\n\t\t\t\t\t<p/>\n\t\t\t\t\t<hr/>\n\t\t\t\t</li>\n\t\t\t\t<li>\n\t\t\t\t\t<span style=\"font-weight:bold;\">Resource Type: </span>\n\t\t\t\t\t<a name=\"MedicationStatement\">\n\t\t\t\t\t\t<span style=\"font-weight:bold;\">MedicationStatement</span>\n\t\t\t\t\t</a>\n\t\t\t\t\t<p>\n\t\t\t\t\t\t<span>Supported Profiles:  </span>\n\t\t\t\t\t\t<a href=\"http://hl7.org/fhir/us/core/StructureDefinition-us-core-medicationstatement.html\">\n\t\t\t\t\t\t\t<span>US Core MedicationStatement Profile</span>\n\t\t\t\t\t\t\t<br/>\n\t\t\t\t\t\t</a>\n\t\t\t\t\t\t<br/>\n\t\t\t\t\t</p>\n\t\t\t\t\t<div> <p><strong>Summary of US Core Search Criteria for StructureDefinition-us-core-medicationstatement</strong></p> <p>The MedicationStatement and MedicationRequest resources can represent a medication, using either a code or refer to a Medication resource. When referencing a Medication resource, the resource may be <a href=\"http://hl7.org/fhir/2017Jan/references.html#contained\">contained</a> or an external resource. The server application can choose any one way or more than one method, but <strong>IF</strong> the an external reference to Medication is used, the server <strong>SHALL</strong> support the <a href=\"http://hl7.org/fhir/2017Jan/references.html#include\">include</a> parameter for searching this element. The client application <strong>SHALL</strong> support both methods.</p> <ul> <li>A client has connected to a server and fetched a patient's medications using:</li> </ul> <ol> <li>GET /MedicationStatement?patient=[id]</li> <li>GET /MedicationStatement?patient=[id]&amp;_include=MedicationStatement:medication</li> </ol> </div>\n\t\t\t\t\t<p/>\n\t\t\t\t\t<hr/>\n\t\t\t\t</li>\n\t\t\t\t<li>\n\t\t\t\t\t<span style=\"font-weight:bold;\">Resource Type: </span>\n\t\t\t\t\t<a name=\"MedicationRequest\">\n\t\t\t\t\t\t<span style=\"font-weight:bold;\">MedicationRequest</span>\n\t\t\t\t\t</a>\n\t\t\t\t\t<p>\n\t\t\t\t\t\t<span>Supported Profiles:  </span>\n\t\t\t\t\t\t<a href=\"http://hl7.org/fhir/us/core/StructureDefinition-us-core-medicationrequest.html\">\n\t\t\t\t\t\t\t<span>US Core MedicationRequest Profile</span>\n\t\t\t\t\t\t\t<br/>\n\t\t\t\t\t\t</a>\n\t\t\t\t\t\t<br/>\n\t\t\t\t\t</p>\n\t\t\t\t\t<div> <p><strong>Summary of US Core Search Criteria for StructureDefinition-us-core-medicationrequest</strong></p> <p>The MedicationStatement and MedicationRequest resources can represent a medication, using either a code or refer to a Medication resource. When referencing a Medication resource, the resource may be <a href=\"http://hl7.org/fhir/2017Jan/references.html#contained\">contained</a> or an external resource. The server application can choose any one way or more than one method, but <strong>IF</strong> the an external reference to Medication is used, the server <strong>SHALL</strong> support the <a href=\"http://hl7.org/fhir/2017Jan/references.html#include\">include</a> parameter for searching this element. The client application <strong>SHALL</strong> support both methods.</p> <ul> <li>A client has connected to a server and fetched a patient's medications using:</li> </ul> <ol> <li>GET /MedicationRequest?patient=[id]</li> <li>GET /MedicationRequest?patient=[id]&amp;_include=MedicationRequest:medication</li> </ol></div>\n\t\t\t\t\t<p/>\n\t\t\t\t\t<hr/>\n\t\t\t\t</li>\n\t\t\t\t<li>\n\t\t\t\t\t<span style=\"font-weight:bold;\">Resource Type: </span>\n\t\t\t\t\t<a name=\"Organization\">\n\t\t\t\t\t\t<span style=\"font-weight:bold;\">Organization</span>\n\t\t\t\t\t</a>\n\t\t\t\t\t<p>\n\t\t\t\t\t\t<span>Supported Profiles:  </span>\n\t\t\t\t\t\t<a href=\"http://hl7.org/fhir/us/core/StructureDefinition-us-core-organization.html\">\n\t\t\t\t\t\t\t<span>US Core Organization Profile</span>\n\t\t\t\t\t\t\t<br/>\n\t\t\t\t\t\t</a>\n\t\t\t\t\t\t<br/>\n\t\t\t\t\t</p>\n\t\t\t\t\t<div>    <h4>Summary of US Core Search Criteria for StructureDefinition-us-core-organization</h4> <ul> <li>A client has connected to a server and fetched an organization by identifier using GET [base]/Organization?identifier=[system]|[code]</li> <li>A client has connected to a server and fetched an organization by name usingGET [base]/Organization?name=[string]</li> <li>A client has connected to a server and fetched an organization by address using GET [base]/Organization?address=[string]</li> </ul>    </div>\n\t\t\t\t\t<p/>\n\t\t\t\t\t<hr/>\n\t\t\t\t</li>\n\t\t\t\t<li>\n\t\t\t\t\t<span style=\"font-weight:bold;\">Resource Type: </span>\n\t\t\t\t\t<a name=\"Practitioner\">\n\t\t\t\t\t\t<span style=\"font-weight:bold;\">Practitioner</span>\n\t\t\t\t\t</a>\n\t\t\t\t\t<p>\n\t\t\t\t\t\t<span>Supported Profiles:  </span>\n\t\t\t\t\t\t<a href=\"http://hl7.org/fhir/us/core/StructureDefinition-us-core-practitioner.html\">\n\t\t\t\t\t\t\t<span>US Core Practitioner Profile</span>\n\t\t\t\t\t\t\t<br/>\n\t\t\t\t\t\t</a>\n\t\t\t\t\t\t<br/>\n\t\t\t\t\t</p>\n\t\t\t\t\t<div>  <h4>Summary of US Core Search Criteria for StructureDefinition-us-core-practitioner</h4> <ul> <li>A client has connected to a server and fetched a practitioner by identifier using GET [base]/Practitioner?identifier=[system]|[code]</li> <li>A client has connected to a server and fetched a practitioner by name using GET [base]/Practitioner?family=[string]&amp;given=[string]</li> </ul>     </div>\n\t\t\t\t\t<p/>\n\t\t\t\t\t<hr/>\n\t\t\t\t</li>\n\t\t\t\t<li>\n\t\t\t\t\t<span style=\"font-weight:bold;\">Resource Type: </span>\n\t\t\t\t\t<a name=\"Procedure\">\n\t\t\t\t\t\t<span style=\"font-weight:bold;\">Procedure</span>\n\t\t\t\t\t</a>\n\t\t\t\t\t<p>\n\t\t\t\t\t\t<span>Supported Profiles:  </span>\n\t\t\t\t\t\t<a href=\"http://hl7.org/fhir/us/core/StructureDefinition-us-core-procedure.html\">\n\t\t\t\t\t\t\t<span>US Core Procedure Profile</span>\n\t\t\t\t\t\t\t<br/>\n\t\t\t\t\t\t</a>\n\t\t\t\t\t\t<br/>\n\t\t\t\t\t</p>\n\t\t\t\t\t<div>    <h4>Summary of US Core Search Criteria for StructureDefinition-us-core-procedure</h4> <ul> <li>A client connected to a server and fetched all procedures for a patient, including current as well as historical Procedures GET/Procedure?patient=[id].</li> <li>A client has connected to a server and fetched all of a patient's procedures over a specified time period using GET /Procedure?patient=[id]&amp;date=[date]{&amp;date=[date]}.</li> </ul>    </div>\n\t\t\t\t\t<p/>\n\t\t\t\t\t<hr/>\n\t\t\t\t</li>\n\t\t\t</ol>\n\t\t\t<br/>\n\t\t\t<br/>\n\t\t\t<br/>\n\t\t</div>"},"url":"http://hl7.org/fhir/us/core/CapabilityStatement/client","name":"US Core Client","status":"draft","date":"2016-12-15","publisher":"HL7 US Realm Steering Committee","contact":[{"telecom":[{"system":"other","value":"http://www.hl7.org/SpecialCommittees/usrealm/index.cfm"}]}],"description":"This profile defines the expected capabilities of the US Core Client conforming to the US Core IG.","kind":"requirements","fhirVersion":"1.8.0","acceptUnknown":"extensions","format":["xml","json"],"profile":[{"extension":[{"url":"http://hl7.org/fhir/us/core/StructureDefinition/us-core-profile-link","valueCode":"AllergyIntolerance"}],"reference":"http://hl7.org/fhir/us/core/StructureDefinition/us-core-allergyintolerance","display":"US Core AllergyIntolerance Profile"},{"extension":[{"url":"http://hl7.org/fhir/us/core/StructureDefinition/us-core-profile-link","valueCode":"CarePlan"}],"reference":"http://hl7.org/fhir/us/core/StructureDefinition/us-core-careplan","display":"US Core CarePlan Profile"},{"extension":[{"url":"http://hl7.org/fhir/us/core/StructureDefinition/us-core-profile-link","valueCode":"CareTeam"}],"reference":"http://hl7.org/fhir/us/core/StructureDefinition/us-core-careteam","display":"US Core CareTeam Profile"},{"extension":[{"url":"http://hl7.org/fhir/us/core/StructureDefinition/us-core-profile-link","valueCode":"Condition"}],"reference":"http://hl7.org/fhir/us/core/StructureDefinition/us-core-condition","display":"US Core Condition Profile"},{"extension":[{"url":"http://hl7.org/fhir/us/core/StructureDefinition/us-core-profile-link","valueCode":"Device"}],"reference":"http://hl7.org/fhir/us/core/StructureDefinition/us-core-device","display":"US Core Device Profile"},{"extension":[{"url":"http://hl7.org/fhir/us/core/StructureDefinition/us-core-profile-link","valueCode":"Goal"}],"reference":"http://hl7.org/fhir/us/core/StructureDefinition/us-core-goal","display":"US Core Goal Profile"},{"extension":[{"url":"http://hl7.org/fhir/us/core/StructureDefinition/us-core-profile-link","valueCode":"Immunization"}],"reference":"http://hl7.org/fhir/us/core/StructureDefinition/us-core-immunization","display":"US Core Immunization Profile"},{"extension":[{"url":"http://hl7.org/fhir/us/core/StructureDefinition/us-core-profile-link","valueCode":"DiagnosticReport"}],"reference":"http://hl7.org/fhir/us/core/StructureDefinition/us-core-diagnosticreport","display":"US Core DiagnosticReport Profile"},{"extension":[{"url":"http://hl7.org/fhir/us/core/StructureDefinition/us-core-profile-link","valueCode":"Observation"}],"reference":"http://hl7.org/fhir/us/core/StructureDefinition/us-core-observationresults","display":"US Core Result Observation Profile"},{"extension":[{"url":"http://hl7.org/fhir/us/core/StructureDefinition/us-core-profile-link","valueCode":"Location"}],"reference":"http://hl7.org/fhir/us/core/StructureDefinition/us-core-location","display":"US Core Location Profile"},{"extension":[{"url":"http://hl7.org/fhir/us/core/StructureDefinition/us-core-profile-link","valueCode":"Medication"}],"reference":"http://hl7.org/fhir/us/core/StructureDefinition/us-core-medication","display":"US Core Medication Profile"},{"extension":[{"url":"http://hl7.org/fhir/us/core/StructureDefinition/us-core-profile-link","valueCode":"MedicationRequest"}],"reference":"http://hl7.org/fhir/us/core/StructureDefinition/us-core-medicationrequest","display":"US Core MedicationRequest Profile"},{"extension":[{"url":"http://hl7.org/fhir/us/core/StructureDefinition/us-core-profile-link","valueCode":"MedicationStatement"}],"reference":"http://hl7.org/fhir/us/core/StructureDefinition/us-core-medicationstatement","display":"US Core MedicationStatement Profile"},{"extension":[{"url":"http://hl7.org/fhir/us/core/StructureDefinition/us-core-profile-link","valueCode":"Observation"}],"reference":"http://hl7.org/fhir/StructureDefinition/vitalsigns ","display":"Vital  Signs Profile"},{"extension":[{"url":"http://hl7.org/fhir/us/core/StructureDefinition/us-core-profile-link","valueCode":"Observation"}],"reference":"http://hl7.org/fhir/us/core/StructureDefinition/us-core-smokingstatus","display":"US Core Smoking Status Observation Profile"},{"extension":[{"url":"http://hl7.org/fhir/us/core/StructureDefinition/us-core-profile-link","valueCode":"Organization"}],"reference":"http://hl7.org/fhir/us/core/StructureDefinition/us-core-organization","display":"US Core Organization Profile"},{"extension":[{"url":"http://hl7.org/fhir/us/core/StructureDefinition/us-core-profile-link","valueCode":"Patient"}],"reference":"http://hl7.org/fhir/us/core/StructureDefinition/us-core-patient","display":"US Core Patient Profile"},{"extension":[{"url":"http://hl7.org/fhir/us/core/StructureDefinition/us-core-profile-link","valueCode":"Practitioner"}],"reference":"http://hl7.org/fhir/us/core/StructureDefinition/us-core-practitioner","display":"US Core Practitioner Profile"},{"extension":[{"url":"http://hl7.org/fhir/us/core/StructureDefinition/us-core-profile-link","valueCode":"Procedure"}],"reference":"http://hl7.org/fhir/us/core/StructureDefinition/us-core-procedure","display":"US Core Procedure Profile"}],"rest":[{"mode":"client","documentation":"  <p><strong>The US Core client SHOULD:</strong></p> <ol> <li>Support fetching and querying of one or more US Core profile(s), using the supported RESTful interactions and search parameters declared in the <a href=\"CapabilityStatement-server.html\">US Core Server CapabilityStatement</a></li> </ol>   ","security":{"description":"    <p><strong>US Core  Servers SHALL</strong></p>   <ol>   <li>implement the <a href=\"http://hl7.org/fhir/us/core/security.html\">security requirements</a>  documented in the US-Core IG.</li>  </ol>     "},"resource":[{"type":"Patient","documentation":"  <h4>Summary of US Core Search Criteria for StructureDefinition-us-core-patient</h4> <ul> <li>A client has connected to a server and fetched a patient using GET [base]/Patient/[id].</li> <li>A client has connected to a server and searched through available Patients using at least 2 (example name and gender) of the following search parameters: <ul> <li>name</li> <li>gender</li> <li>birthdate</li> </ul> </li> </ul> <p>To limit overly broad search results, a client search with gender <strong>SHOULD</strong> include family and given name search parameters.</p>     ","interaction":[{"extension":[{"url":"http://hl7.org/fhir/StructureDefinition/capabilitystatement-expectation","valueCode":"SHOULD"}],"code":"search-type","documentation":"Allows discovery of existing US Core patient resources using different search criteria"},{"extension":[{"url":"http://hl7.org/fhir/StructureDefinition/capabilitystatement-expectation","valueCode":"SHOULD"}],"code":"read","documentation":"Allows retrieval of a specific US Core patients by id"},{"extension":[{"url":"http://hl7.org/fhir/StructureDefinition/capabilitystatement-expectation","valueCode":"SHOULD"}],"code":"history-instance","documentation":"Allows review of changes to US Core patient instance over time"},{"extension":[{"url":"http://hl7.org/fhir/StructureDefinition/capabilitystatement-expectation","valueCode":"SHOULD"}],"code":"vread","documentation":"Allows retrieval of a historical version of a US Core patient instance"}]},{"type":"AllergyIntolerance","documentation":"   <h4>Summary of US Core Search Criteria for StructureDefinition-us-core-allergintolerance</h4> <ul> <li>A client has connected to a server and fetched a patient's allergies using GET /AllergyIntolerance?patient=[id].</li> </ul>     ","interaction":[{"extension":[{"url":"http://hl7.org/fhir/StructureDefinition/capabilitystatement-expectation","valueCode":"SHOULD"}],"code":"search-type","documentation":"Allows discovery of existing US Core AllergyIntolerance resources using different search criteria"},{"extension":[{"url":"http://hl7.org/fhir/StructureDefinition/capabilitystatement-expectation","valueCode":"SHOULD"}],"code":"read","documentation":"Allows retrieval of a specific US Core AllergyIntolerance by id"},{"extension":[{"url":"http://hl7.org/fhir/StructureDefinition/capabilitystatement-expectation","valueCode":"SHOULD"}],"code":"history-instance","documentation":"Allows review of changes to US Core AllergyIntolerance instance over time"},{"extension":[{"url":"http://hl7.org/fhir/StructureDefinition/capabilitystatement-expectation","valueCode":"SHOULD"}],"code":"vread","documentation":"Allows retrieval of a historical version of a US Core AllergyIntolerance instance"}]},{"type":"CarePlan","documentation":"   <h4>Summary of US Core Search Criteria for StructureDefinition-us-core-careplan</h4> <ul> <li>A client has connected to a server and fetched all of a patient's Assessment and Plan of Treatment information using GET /CarePlan?patient=[id]&amp;category=assess-plan.</li> <li>A client has connected to a server and fetched all of a patient's Assessment and Plan of Treatment information over a specified time period using GET /CarePlan?patient=[id]&amp;category=assess-plan&amp;date=[date].</li> </ul> <ul> <li>A client <strong>SHOULD</strong> be capable of connecting to a server and fetching all of a patient's active Assessment and Plan of Treatment information using GET /CarePlan?patient=[id]&amp;category=assess-plan&amp;status=active.</li> <li>A client <strong>SHOULD</strong> be capable of connecting to a server and fetching all of a patient's active Assessment and Plan of Treatment information over a specified time period using GET /CarePlan?patient=[id]&amp;category=assess-plan&amp;status=active&amp;date=[date].</li> </ul>     ","interaction":[{"extension":[{"url":"http://hl7.org/fhir/StructureDefinition/capabilitystatement-expectation","valueCode":"SHOULD"}],"code":"search-type","documentation":"Allows discovery of existing US Core careplan resources using different search criteria"},{"extension":[{"url":"http://hl7.org/fhir/StructureDefinition/capabilitystatement-expectation","valueCode":"SHOULD"}],"code":"read","documentation":"Allows retrieval of a specific US Core careplan by id"},{"extension":[{"url":"http://hl7.org/fhir/StructureDefinition/capabilitystatement-expectation","valueCode":"SHOULD"}],"code":"history-instance","documentation":"Allows review of changes to US Core careplan instance over time"},{"extension":[{"url":"http://hl7.org/fhir/StructureDefinition/capabilitystatement-expectation","valueCode":"SHOULD"}],"code":"vread","documentation":"Allows retrieval of a historical version of a US Core careplan instance"}]},{"type":"CareTeam","documentation":"    <h4>Summary of US Core Search Criteria for StructureDefinition-us-core-careteam</h4> <ul> <li>A client is able to connect to a server and fetch all current care team members for a patient using GET[base]/CareTeam?patient=[id]&amp;status=active</li> </ul>    ","interaction":[{"extension":[{"url":"http://hl7.org/fhir/StructureDefinition/capabilitystatement-expectation","valueCode":"SHOULD"}],"code":"search-type","documentation":"Allows discovery of existing US Core careteam resources using different search criteria"},{"extension":[{"url":"http://hl7.org/fhir/StructureDefinition/capabilitystatement-expectation","valueCode":"SHOULD"}],"code":"read","documentation":"Allows retrieval of a specific US Core careteam by id"},{"extension":[{"url":"http://hl7.org/fhir/StructureDefinition/capabilitystatement-expectation","valueCode":"SHOULD"}],"code":"history-instance","documentation":"Allows review of changes to US Core careteam instance over time"},{"extension":[{"url":"http://hl7.org/fhir/StructureDefinition/capabilitystatement-expectation","valueCode":"SHOULD"}],"code":"vread","documentation":"Allows retrieval of a historical version of a US Core careteam instance"}]},{"type":"Condition","documentation":"     <h4>Summary of US Core Search Criteria for StructureDefinition-us-core-condition</h4> <ul> <li>A client connected to a server and fetched all problems and health concerns for a patient, including current as well as historical problems and health concerns using GET/Condition?patient=[id]</li> </ul>   ","interaction":[{"extension":[{"url":"http://hl7.org/fhir/StructureDefinition/capabilitystatement-expectation","valueCode":"SHOULD"}],"code":"search-type","documentation":"Allows discovery of existing US Core condition resources using different search criteria"},{"extension":[{"url":"http://hl7.org/fhir/StructureDefinition/capabilitystatement-expectation","valueCode":"SHOULD"}],"code":"read","documentation":"Allows retrieval of a specific US Core condition by id"},{"extension":[{"url":"http://hl7.org/fhir/StructureDefinition/capabilitystatement-expectation","valueCode":"SHOULD"}],"code":"history-instance","documentation":"Allows review of changes to US Core condition instance over time"},{"extension":[{"url":"http://hl7.org/fhir/StructureDefinition/capabilitystatement-expectation","valueCode":"SHOULD"}],"code":"vread","documentation":"Allows retrieval of a historical version of a US Core condition instance"}]},{"type":"Device","documentation":"   <h4>Summary of US Core Search Criteria for StructureDefinition-us-core-device</h4> <ul> <li>A client has connected to a server and fetched all Unique device identifier(s)(UDI)for a patient's implantable device(s)using GET /Device?patient=[id].</li> </ul>     ","interaction":[{"extension":[{"url":"http://hl7.org/fhir/StructureDefinition/capabilitystatement-expectation","valueCode":"SHOULD"}],"code":"search-type","documentation":"Allows discovery of existing US Core device resources using different search criteria"},{"extension":[{"url":"http://hl7.org/fhir/StructureDefinition/capabilitystatement-expectation","valueCode":"SHOULD"}],"code":"read","documentation":"Allows retrieval of a specific US Core device by id"},{"extension":[{"url":"http://hl7.org/fhir/StructureDefinition/capabilitystatement-expectation","valueCode":"SHOULD"}],"code":"history-instance","documentation":"Allows review of changes to US Core device instance over time"},{"extension":[{"url":"http://hl7.org/fhir/StructureDefinition/capabilitystatement-expectation","valueCode":"SHOULD"}],"code":"vread","documentation":"Allows retrieval of a historical version of a US Core device instance"}]},{"type":"Goal","documentation":"    <h4>Summary of US Core Search Criteria for StructureDefinition-us-core-goal</h4> <ul> <li>A client has connected to a server and fetched all of a patient's goals using GET [base]/Goal?patient=[id].</li> <li>A client has connected to a server and fetched all of a patient's goals over a specified time period using GET [base]/Goal?patient=[id]&amp;date=[date]{&amp;date=[date]}.</li> </ul>    ","interaction":[{"extension":[{"url":"http://hl7.org/fhir/StructureDefinition/capabilitystatement-expectation","valueCode":"SHOULD"}],"code":"search-type","documentation":"Allows discovery of existing US Core goal resources using different search criteria"},{"extension":[{"url":"http://hl7.org/fhir/StructureDefinition/capabilitystatement-expectation","valueCode":"SHOULD"}],"code":"read","documentation":"Allows retrieval of a specific US Core goal by id"},{"extension":[{"url":"http://hl7.org/fhir/StructureDefinition/capabilitystatement-expectation","valueCode":"SHOULD"}],"code":"history-instance","documentation":"Allows review of changes to US Core goal instance over time"},{"extension":[{"url":"http://hl7.org/fhir/StructureDefinition/capabilitystatement-expectation","valueCode":"SHOULD"}],"code":"vread","documentation":"Allows retrieval of a historical version of a US Core goal instance"}]},{"type":"Immunization","documentation":"  <h4>Summary of US Core Search Criteria for StructureDefinition-us-core-immunization</h4> <ul> <li>A client has connected to a server and fetched all immunizations for a patient using GET /Immunization?patient=[id].</li> </ul>     ","interaction":[{"extension":[{"url":"http://hl7.org/fhir/StructureDefinition/capabilitystatement-expectation","valueCode":"SHOULD"}],"code":"search-type","documentation":"Allows discovery of existing US Core immunization resources using different search criteria"},{"extension":[{"url":"http://hl7.org/fhir/StructureDefinition/capabilitystatement-expectation","valueCode":"SHOULD"}],"code":"read","documentation":"Allows retrieval of a specific US Core immunization by id"},{"extension":[{"url":"http://hl7.org/fhir/StructureDefinition/capabilitystatement-expectation","valueCode":"SHOULD"}],"code":"history-instance","documentation":"Allows review of changes to US Core immunization instance over time"},{"extension":[{"url":"http://hl7.org/fhir/StructureDefinition/capabilitystatement-expectation","valueCode":"SHOULD"}],"code":"vread","documentation":"Allows retrieval of a historical version of a US Core immunization instance"}]},{"type":"DiagnosticReport","documentation":"  <h4>Summary of US Core Search Criteria for StructureDefinition-us-core-diagnosticreport</h4> <ul> <li>A client has connected to a server and fetched all of a patient's laboratory diagnostic reports by searching by category using GET [base]/DiagnosticReport?patient=[id]&amp;category=LAB.</li> <li>A client has connected to a server and fetched all of a patient's laboratory diagnostic reports searching by category code and date range using GET [base]/DiagnosticReport?patient=[id]&amp;category=LAB&amp;date=[date]{&amp;date=[date]}.</li> <li>A client has connected to a server and fetched all of all of a patient's laboratory diagnostic reports searching by category and code using GET [base]/DiagnosticReport?patient=[id]&amp;category=LAB&amp;code=[LOINC].</li> </ul> <ul> <li>A client <strong>SHOULD</strong> be capable of connecting to a server and fetching any of a patient's laboratory diagnostic reports searching by category and one or more codes and date range using GET [base]/DiagnosticReport?patient=[id]&amp;category=LAB&amp;code=[LOINC1{,LOINC2,LOINC3,...}]&amp;date=[date]{&amp;date=[date]}.</li> </ul>      ","interaction":[{"extension":[{"url":"http://hl7.org/fhir/StructureDefinition/capabilitystatement-expectation","valueCode":"SHOULD"}],"code":"search-type","documentation":"Allows discovery of existing US Core diagnosticreport resources using different search criteria"},{"extension":[{"url":"http://hl7.org/fhir/StructureDefinition/capabilitystatement-expectation","valueCode":"SHOULD"}],"code":"read","documentation":"Allows retrieval of a specific US Core diagnosticreport by id"},{"extension":[{"url":"http://hl7.org/fhir/StructureDefinition/capabilitystatement-expectation","valueCode":"SHOULD"}],"code":"history-instance","documentation":"Allows review of changes to US Core diagnosticreport instance over time"},{"extension":[{"url":"http://hl7.org/fhir/StructureDefinition/capabilitystatement-expectation","valueCode":"SHOULD"}],"code":"vread","documentation":"Allows retrieval of a historical version of a US Core diagnosticreport instance"}]},{"type":"Observation","documentation":"    <h4>Summary of US Core Search Criteria for StructureDefinition-us-core-observationresults</h4> <ul> <li>A client has connected to a server and fetched all of a patient's laboratory results by searching by category using GET [base]/Observation?patient=[id]&amp;category=laboratory.</li> <li>A client has connected to a server and fetched all of a patient's laboratory results searching by category code and date range using GET [base]/Observation?patient=[id]&amp;category=laboratory&amp;date=[date]{&amp;date=[date]}.</li> <li>A client has connected to a server and fetched all of all of a patient's laboratory results searching by category and code using GET [base]/Observation?patient=[id]&amp;category=laboratory&amp;code=[LOINC].</li> </ul> <ul> <li>A client <strong>SHOULD</strong> be capable of connecting to a server and fetching any of a patient's laboratory results searching by category and one or more codes and date range using GET [base]/Observation?patient=[id]&amp;category=laboratory&amp;code=[LOINC1{,LOINC2,LOINC3,...}]&amp;date=[date]{&amp;date=[date]}.</li> </ul> <h4>Summary of US Core Search Criteria for StructureDefinition-us-core-smokingstatus</h4> <ul> <li>A client has connected to a server and fetched a patient's smoking status using GET [base]/Observation?patient=[id]&amp;code=72166-2.</li> </ul> <h4>Summary of US Core Search Criteria for StructureDefinition-vitalsigns </h4> <ul> <li>A client has connected to a server and fetched all of a patient's vital signs by searching by category using GET [base]/Observation?patient=[id]&amp;category=vital-signs.</li> <li>A client has connected to a server and fetched all of a patient's vital signs searching by category code and date range using GET [base]/Observation?patient=[id]&amp;category=vital-signs&amp;date=[date]{&amp;date=[date]}.</li> <li>A client has connected to a server and fetched any of a patient's vital signs by searching by one or more of the codes listed below using GET [base]/Observation?patient=[id]&amp;code[vital sign LOINC{,LOINC2,LOINC3,...}].</li> </ul> <ul> <li>A client <strong>SHOULD</strong> be capable of connecting to a server and fetching any of a patient's vital signs searching by one or more of the codes listed below and date range using GET [base]/Observation?patient=[id]&amp;code=[LOINC{,LOINC2...}]vital-signs&amp;date=[date]{&amp;date=[date]}.</li> </ul>    ","interaction":[{"extension":[{"url":"http://hl7.org/fhir/StructureDefinition/capabilitystatement-expectation","valueCode":"SHOULD"}],"code":"search-type","documentation":"Allows discovery of existing US Core resultobs resources using different search criteria"},{"extension":[{"url":"http://hl7.org/fhir/StructureDefinition/capabilitystatement-expectation","valueCode":"SHOULD"}],"code":"read","documentation":"Allows retrieval of a specific US Core resultobs by id"},{"extension":[{"url":"http://hl7.org/fhir/StructureDefinition/capabilitystatement-expectation","valueCode":"SHOULD"}],"code":"history-instance","documentation":"Allows review of changes to US Core resultobs instance over time"},{"extension":[{"url":"http://hl7.org/fhir/StructureDefinition/capabilitystatement-expectation","valueCode":"SHOULD"}],"code":"vread","documentation":"Allows retrieval of a historical version of a US Core resultobs instance"}]},{"type":"Location","documentation":" <h4>Summary of US Core Search Criteria for StructureDefinition-us-core-location</h4> <ul> <li>A client has connected to a server and fetched a location by name using GET [base]/Location?name=[string]</li> <li>A client has connected to a server and fetched a location by address using GET [base]/Location?address=[string]</li> </ul>     ","interaction":[{"extension":[{"url":"http://hl7.org/fhir/StructureDefinition/capabilitystatement-expectation","valueCode":"SHOULD"}],"code":"search-type","documentation":"Allows discovery of existing US Core location resources using different search criteria."},{"extension":[{"url":"http://hl7.org/fhir/StructureDefinition/capabilitystatement-expectation","valueCode":"SHOULD"}],"code":"read","documentation":"Allows retrieval of a historical version of a US Core location instance"},{"extension":[{"url":"http://hl7.org/fhir/StructureDefinition/capabilitystatement-expectation","valueCode":"SHOULD"}],"code":"history-instance","documentation":"Allows review of changes to US Core Medication instance over time"},{"extension":[{"url":"http://hl7.org/fhir/StructureDefinition/capabilitystatement-expectation","valueCode":"SHOULD"}],"code":"vread","documentation":"Allows retrieval of a historical version of a US Core Medication instance"}]},{"type":"Medication","documentation":" <p>The MedicationStatement and MedicationRequest resources can represent a medication, using either a code or refer to a [Medication] resource.  If the Medication Resource is used in a MedicationStatement or a MedicationRequest,  then the READ and SEARCH Criteria <strong>SHALL</strong> be supported.</p> .","interaction":[{"extension":[{"url":"http://hl7.org/fhir/StructureDefinition/capabilitystatement-expectation","valueCode":"SHOULD"}],"code":"search-type","documentation":"IF the Medication Resource is used in a MedicationStatement or a MedicationRequest.   Allows discovery of existing US Core Medication resources using different search criteria."},{"extension":[{"url":"http://hl7.org/fhir/StructureDefinition/capabilitystatement-expectation","valueCode":"SHOULD"}],"code":"read","documentation":"IF the Medication Resource is used in a MedicationStatement or a MedicationRequest.  Allows retrieval of a specific US Core Medication by id"},{"extension":[{"url":"http://hl7.org/fhir/StructureDefinition/capabilitystatement-expectation","valueCode":"SHOULD"}],"code":"history-instance","documentation":"Allows review of changes to US Core Medication instance over time"},{"extension":[{"url":"http://hl7.org/fhir/StructureDefinition/capabilitystatement-expectation","valueCode":"SHOULD"}],"code":"vread","documentation":"Allows retrieval of a historical version of a US Core Medication instance"}]},{"type":"MedicationStatement","documentation":" <p><strong>Summary of US Core Search Criteria for StructureDefinition-us-core-medicationstatement</strong></p> <p>The MedicationStatement and MedicationRequest resources can represent a medication, using either a code or refer to a Medication resource. When referencing a Medication resource, the resource may be <a href=\"http://hl7.org/fhir/2017Jan/references.html#contained\">contained</a> or an external resource. The server application can choose any one way or more than one method, but <strong>IF</strong> the an external reference to Medication is used, the server <strong>SHALL</strong> support the <a href=\"http://hl7.org/fhir/2017Jan/references.html#include\">include</a> parameter for searching this element. The client application <strong>SHALL</strong> support both methods.</p> <ul> <li>A client has connected to a server and fetched a patient's medications using:</li> </ul> <ol> <li>GET /MedicationStatement?patient=[id]</li> <li>GET /MedicationStatement?patient=[id]&amp;_include=MedicationStatement:medication</li> </ol> ","interaction":[{"extension":[{"url":"http://hl7.org/fhir/StructureDefinition/capabilitystatement-expectation","valueCode":"SHOULD"}],"code":"search-type","documentation":"Allows discovery of existing US Core medicationstatement resources using different search criteria"},{"extension":[{"url":"http://hl7.org/fhir/StructureDefinition/capabilitystatement-expectation","valueCode":"SHOULD"}],"code":"read","documentation":"Allows retrieval of a specific US Core medicationstatement by id"},{"extension":[{"url":"http://hl7.org/fhir/StructureDefinition/capabilitystatement-expectation","valueCode":"SHOULD"}],"code":"history-instance","documentation":"Allows review of changes to US Core medicationstatement instance over time"},{"extension":[{"url":"http://hl7.org/fhir/StructureDefinition/capabilitystatement-expectation","valueCode":"SHOULD"}],"code":"vread","documentation":"Allows retrieval of a historical version of a US Core medicationstatement instance"}]},{"type":"MedicationRequest","documentation":" <p><strong>Summary of US Core Search Criteria for StructureDefinition-us-core-medicationrequest</strong></p> <p>The MedicationStatement and MedicationRequest resources can represent a medication, using either a code or refer to a Medication resource. When referencing a Medication resource, the resource may be <a href=\"http://hl7.org/fhir/2017Jan/references.html#contained\">contained</a> or an external resource. The server application can choose any one way or more than one method, but <strong>IF</strong> the an external reference to Medication is used, the server <strong>SHALL</strong> support the <a href=\"http://hl7.org/fhir/2017Jan/references.html#include\">include</a> parameter for searching this element. The client application <strong>SHALL</strong> support both methods.</p> <ul> <li>A client has connected to a server and fetched a patient's medications using:</li> </ul> <ol> <li>GET /MedicationRequest?patient=[id]</li> <li>GET /MedicationRequest?patient=[id]&amp;_include=MedicationRequest:medication</li> </ol>","interaction":[{"extension":[{"url":"http://hl7.org/fhir/StructureDefinition/capabilitystatement-expectation","valueCode":"SHOULD"}],"code":"search-type","documentation":"Allows discovery of existing US Core medicationorder resources using different search criteria"},{"extension":[{"url":"http://hl7.org/fhir/StructureDefinition/capabilitystatement-expectation","valueCode":"SHOULD"}],"code":"read","documentation":"Allows retrieval of a specific US Core medicationorder by id"},{"extension":[{"url":"http://hl7.org/fhir/StructureDefinition/capabilitystatement-expectation","valueCode":"SHOULD"}],"code":"history-instance","documentation":"Allows review of changes to US Core medicationorder instance over time"},{"extension":[{"url":"http://hl7.org/fhir/StructureDefinition/capabilitystatement-expectation","valueCode":"SHOULD"}],"code":"vread","documentation":"Allows retrieval of a historical version of a US Core medicationorder instance"}]},{"type":"Organization","documentation":"    <h4>Summary of US Core Search Criteria for StructureDefinition-us-core-organization</h4> <ul> <li>A client has connected to a server and fetched an organization by identifier using GET [base]/Organization?identifier=[system]|[code]</li> <li>A client has connected to a server and fetched an organization by name usingGET [base]/Organization?name=[string]</li> <li>A client has connected to a server and fetched an organization by address using GET [base]/Organization?address=[string]</li> </ul>    ","interaction":[{"extension":[{"url":"http://hl7.org/fhir/StructureDefinition/capabilitystatement-expectation","valueCode":"SHOULD"}],"code":"search-type","documentation":"Allows discovery of existing US Core organization resources using different search criteria"},{"extension":[{"url":"http://hl7.org/fhir/StructureDefinition/capabilitystatement-expectation","valueCode":"SHOULD"}],"code":"read","documentation":"Allows retrieval of a specific US Core organization by id"},{"extension":[{"url":"http://hl7.org/fhir/StructureDefinition/capabilitystatement-expectation","valueCode":"SHOULD"}],"code":"history-instance","documentation":"Allows review of changes to US Core organization instance over time"},{"extension":[{"url":"http://hl7.org/fhir/StructureDefinition/capabilitystatement-expectation","valueCode":"SHOULD"}],"code":"vread","documentation":"Allows retrieval of a historical version of a US Core organization instance"}]},{"type":"Practitioner","documentation":"  <h4>Summary of US Core Search Criteria for StructureDefinition-us-core-practitioner</h4> <ul> <li>A client has connected to a server and fetched a practitioner by identifier using GET [base]/Practitioner?identifier=[system]|[code]</li> <li>A client has connected to a server and fetched a practitioner by name using GET [base]/Practitioner?family=[string]&amp;given=[string]</li> </ul>     ","interaction":[{"extension":[{"url":"http://hl7.org/fhir/StructureDefinition/capabilitystatement-expectation","valueCode":"SHOULD"}],"code":"search-type","documentation":"Allows discovery of existing US Core practitioner resources using different search criteria"},{"extension":[{"url":"http://hl7.org/fhir/StructureDefinition/capabilitystatement-expectation","valueCode":"SHOULD"}],"code":"read","documentation":"Allows retrieval of a specific US Core practitioner by id"},{"extension":[{"url":"http://hl7.org/fhir/StructureDefinition/capabilitystatement-expectation","valueCode":"SHOULD"}],"code":"history-instance","documentation":"Allows review of changes to US Core practitioner instance over time"},{"extension":[{"url":"http://hl7.org/fhir/StructureDefinition/capabilitystatement-expectation","valueCode":"SHOULD"}],"code":"vread","documentation":"Afllows retrieval of a historical version of a US Core practitioner instance"}]},{"type":"Procedure","documentation":"    <h4>Summary of US Core Search Criteria for StructureDefinition-us-core-procedure</h4> <ul> <li>A client connected to a server and fetched all procedures for a patient, including current as well as historical Procedures GET/Procedure?patient=[id].</li> <li>A client has connected to a server and fetched all of a patient's procedures over a specified time period using GET /Procedure?patient=[id]&amp;date=[date]{&amp;date=[date]}.</li> </ul>    ","interaction":[{"extension":[{"url":"http://hl7.org/fhir/StructureDefinition/capabilitystatement-expectation","valueCode":"SHOULD"}],"code":"search-type","documentation":"Allows discovery of existing US Core procedure resources using different search criteria"},{"extension":[{"url":"http://hl7.org/fhir/StructureDefinition/capabilitystatement-expectation","valueCode":"SHOULD"}],"code":"read","documentation":"Allows retrieval of a specific US Core procedure by id"},{"extension":[{"url":"http://hl7.org/fhir/StructureDefinition/capabilitystatement-expectation","valueCode":"SHOULD"}],"code":"history-instance","documentation":"Allows review of changes to US Core procedure instance over time"},{"extension":[{"url":"http://hl7.org/fhir/StructureDefinition/capabilitystatement-expectation","valueCode":"SHOULD"}],"code":"vread","documentation":"Allows retrieval of a historical version of a US Core procedure instance"}]}]}]}