{
  "resourceType": "CodeSystem",
  "id": "careplan-category",
  "text": {
    "status": "generated",
    "div": "<div xmlns=\"http://www.w3.org/1999/xhtml\"><h2>US Core CarePlan Category Extension Codes</h2><div><p>Set of codes that are needed for implementation of the US-Core profiles. These codes are used as extensions to the FHIR and US Core value sets.</p>\n</div><p>This code system http://hl7.org/fhir/us/core/CodeSystem/careplan-category defines the following codes:</p><table class=\"codes\"><tr><td><b>Code</b></td><td><b>Display</b></td><td><b>Definition</b></td></tr><tr><td>careteam<a name=\"careplan-category-careteam\"> </a></td><td>Care Team</td><td>Careplan for identifying all the people and /or organizations who plan to participate in the coordination of delivery of care.</td></tr><tr><td>assess-plan<a name=\"careplan-category-assess-plan\"> </a></td><td>Assessment and Plan of Treatment</td><td>The clinical conclusions and assumptions that guide the patient's treatment and the clinical activities formulated for a patient.</td></tr></table></div>"
  },
  "url": "http://hl7.org/fhir/us/core/CodeSystem/careplan-category",
  "name": "US Core CarePlan Category Extension Codes",
  "status": "draft",
  "publisher": "HL7 (FHIR Project)",
  "date": "2016-12-03T21:43:16-08:00",
  "description": "Set of codes that are needed for implementation of the US-Core profiles. These codes are used as extensions to the FHIR and US Core value sets.\n",
  "caseSensitive": true,
  "valueSet": "http://hl7.org/fhir/us/core/ValueSet/careplan-category",
  "content": "complete",
  "concept": [
    {
      "code": "careteam",
      "display": "Care Team",
      "definition": "Careplan for identifying all the people and /or organizations who plan to participate in the coordination of delivery of care."
    },
    {
      "code": "assess-plan",
      "display": "Assessment and Plan of Treatment",
      "definition": "The clinical conclusions and assumptions that guide the patient's treatment and the clinical activities formulated for a patient."
    }
  ]
}